{
  "target_class": 2,
  "direction": "remove",
  "target_conf_before": 0.29823336005210876,
  "target_conf_after": 0.2931506931781769,
  "flipped": true,
  "l1": 0.11958932876586914,
  "all_probs_before": [
    0.015449880622327328,
    0.028651395812630653,
    0.29823336005210876,
    0.004771724343299866,
    0.21069401502609253,
    0.6767237186431885,
    0.8981967568397522,
    0.45460471510887146,
    0.6959243416786194,
    0.5418276786804199,
    0.10094819217920303,
    0.0010387478396296501,
    0.023628707975149155,
    0.8485130667686462,
    0.9211335182189941,
    0.23861956596374512,
    0.7923006415367126,
    0.019911468029022217,
    0.043789129704236984,
    0.3271197974681854
  ],
  "all_probs_after": [
    0.012459336780011654,
    0.004042536485940218,
    0.2931506931781769,
    0.0007034185109660029,
    0.37869828939437866,
    0.9692284464836121,
    0.9905942678451538,
    0.38554713129997253,
    0.6333955526351929,
    0.22663787007331848,
    0.43578675389289856,
    0.0013333794195204973,
    0.015036286786198616,
    0.9946447610855103,
    0.33998963236808777,
    0.42925721406936646,
    0.9860207438468933,
    0.03120376355946064,
    0.06529705226421356,
    0.16749164462089539
  ]
}