{
  "target_class": 2,
  "direction": "remove",
  "target_conf_before": 0.3662620484828949,
  "target_conf_after": 0.3290719985961914,
  "flipped": true,
  "l1": 0.10337907075881958,
  "all_probs_before": [
    0.006849192548543215,
    0.014760338701307774,
    0.3662620484828949,
    0.01061102095991373,
    0.000324419466778636,
    0.9999855756759644,
    0.9991650581359863,
    0.01913856714963913,
    0.9328722953796387,
    0.0014272280968725681,
    0.020378146320581436,
    0.0011668562656268477,
    0.00480875326320529,
    0.016698665916919708,
    0.08163125813007355,
    0.02259235270321369,
    0.08603708446025848,
    0.010293444618582726,
    0.039207447320222855,
    0.9997511506080627
  ],
  "all_probs_after": [
    0.0011455881176516414,
    0.0015997893642634153,
    0.3290719985961914,
    0.0023199464194476604,
    6.560212204931304e-05,
    0.9999462366104126,
    0.9983003735542297,
    0.004121372476220131,
    0.9942771792411804,
    0.0025525991804897785,
    0.011822491884231567,
    0.0013483950169757009,
    0.0035359112080186605,
    0.0018883878365159035,
    0.1344699114561081,
    0.002259405329823494,
    0.008354407735168934,
    0.0015311430906876922,
    0.0005906400620006025,
    0.972809910774231
  ]
}