{
  "target_class": 2,
  "direction": "remove",
  "target_conf_before": 0.01651155948638916,
  "target_conf_after": 0.12195299565792084,
  "flipped": true,
  "l1": 0.11588575690984726,
  "all_probs_before": [
    0.03908214718103409,
    0.14431793987751007,
    0.01651155948638916,
    0.0004389821260701865,
    0.00042035512160509825,
    0.9998451471328735,
    0.9999732971191406,
    0.009713943116366863,
    0.7728886008262634,
    0.0017290933756157756,
    0.25893262028694153,
    2.4826507797115482e-05,
    1.7531439880258404e-05,
    0.021469244733452797,
    0.03106873482465744,
    0.016565142199397087,
    0.25473731756210327,
    0.05040237307548523,
    0.21429844200611115,
    0.9999793767929077
  ],
  "all_probs_after": [
    0.0030832334887236357,
    0.0712336078286171,
    0.12195299565792084,
    0.00029015724430792034,
    0.00023065751884132624,
    0.9997676014900208,
    0.9995667338371277,
    0.004271015990525484,
    0.9102354645729065,
    0.005194387398660183,
    0.07484395056962967,
    4.125372288399376e-05,
    0.0004144820268265903,
    0.0054345279932022095,
    0.04642742499709129,
    0.09687474370002747,
    0.4139411151409149,
    0.011619201861321926,
    0.005727788433432579,
    0.9999967813491821
  ]
}