{
  "target_class": 2,
  "direction": "remove",
  "target_conf_before": 0.07072348147630692,
  "target_conf_after": 0.0710630789399147,
  "flipped": true,
  "l1": 0.0775078684091568,
  "all_probs_before": [
    0.00014299796021077782,
    0.3087637424468994,
    0.07072348147630692,
    0.043938085436820984,
    0.0001412183919455856,
    0.7881101965904236,
    0.26861393451690674,
    0.00019460057956166565,
    0.9587671756744385,
    0.029799310490489006,
    0.0027185187209397554,
    0.3525514602661133,
    0.9972127079963684,
    0.0012461708392947912,
    0.8493285179138184,
    0.01016258541494608,
    0.001244032639078796,
    0.0009644401725381613,
    0.0009231886360794306,
    0.017694685608148575
  ],
  "all_probs_after": [
    0.002424487378448248,
    0.545569658279419,
    0.0710630789399147,
    0.08426483720541,
    0.0009544688509777188,
    0.4475550353527069,
    0.052897583693265915,
    0.0022439586464315653,
    0.925870418548584,
    0.040719594806432724,
    0.002691828180104494,
    0.52529376745224,
    0.9991482496261597,
    0.020595364272594452,
    0.8449762463569641,
    0.029883934184908867,
    0.005258896388113499,
    0.002433761255815625,
    0.0017163236625492573,
    0.011441010050475597
  ]
}