{
  "target_class": 2,
  "direction": "remove",
  "target_conf_before": 0.0545031912624836,
  "target_conf_after": 0.00575158279389143,
  "flipped": true,
  "l1": 0.11634249985218048,
  "all_probs_before": [
    0.026465529575943947,
    0.2071295529603958,
    0.0545031912624836,
    0.03096587210893631,
    0.07591711729764938,
    0.5930180549621582,
    0.6827954053878784,
    0.3417637050151825,
    0.28115928173065186,
    0.16933119297027588,
    0.16049480438232422,
    0.015079515986144543,
    0.050390906631946564,
    0.25931400060653687,
    0.8181608319282532,
    0.10232780873775482,
    0.20887281000614166,
    0.03909127041697502,
    0.3595544993877411,
    0.9159227013587952
  ],
  "all_probs_after": [
    0.008421992883086205,
    0.020276952534914017,
    0.00575158279389143,
    0.0029698519501835108,
    0.0003972928097937256,
    0.524482786655426,
    0.9848789572715759,
    0.03599702939391136,
    0.19411876797676086,
    0.0024126882199198008,
    0.04887198656797409,
    0.0011271325638517737,
    0.0008022518013603985,
    0.004968763794749975,
    0.052980661392211914,
    0.004788949619978666,
    0.10884217172861099,
    0.025811338797211647,
    0.025002872571349144,
    0.8273647427558899
  ]
}