{
  "target_class": 2,
  "direction": "remove",
  "target_conf_before": 0.5669507384300232,
  "target_conf_after": 0.03411971777677536,
  "flipped": true,
  "l1": 0.11334499716758728,
  "all_probs_before": [
    0.000674800539854914,
    0.029007310047745705,
    0.5669507384300232,
    0.0003367620229255408,
    0.07324308902025223,
    0.9997778534889221,
    0.9976529479026794,
    0.02069997228682041,
    0.8867518901824951,
    0.006389813032001257,
    0.139348104596138,
    2.36890118685551e-05,
    0.0528864786028862,
    0.727582573890686,
    0.9604989886283875,
    0.30895814299583435,
    0.3839339017868042,
    0.0132047850638628,
    0.010898466221988201,
    0.027366967871785164
  ],
  "all_probs_after": [
    0.005517106503248215,
    0.17403540015220642,
    0.03411971777677536,
    0.00028238436789251864,
    0.02213895693421364,
    0.9956812858581543,
    0.9975965619087219,
    0.01837257109582424,
    0.4203009307384491,
    0.02137814275920391,
    0.2674117386341095,
    9.034152753883973e-05,
    0.03145136684179306,
    0.11509290337562561,
    0.2735205292701721,
    0.009274372830986977,
    0.07584270089864731,
    0.0647057592868805,
    0.019163277000188828,
    0.03510957956314087
  ]
}