{
  "target_class": 2,
  "direction": "remove",
  "target_conf_before": 0.019047856330871582,
  "target_conf_after": 0.002599556464701891,
  "flipped": true,
  "l1": 0.12146633863449097,
  "all_probs_before": [
    0.011674074456095695,
    0.01909904181957245,
    0.019047856330871582,
    0.0016400261083617806,
    0.0004098274221178144,
    0.9986444115638733,
    0.9990838766098022,
    0.3678063154220581,
    0.20001573860645294,
    0.13317547738552094,
    0.010867309756577015,
    0.000741147727239877,
    0.0020342960488051176,
    0.010412121191620827,
    0.6178159117698669,
    0.03915790468454361,
    0.5586645603179932,
    0.0068899900652468204,
    0.5502902269363403,
    0.9996654987335205
  ],
  "all_probs_after": [
    0.020934773609042168,
    0.11006934195756912,
    0.002599556464701891,
    0.011024778708815575,
    0.01527094841003418,
    0.9987706542015076,
    0.9903541803359985,
    0.08109626919031143,
    0.16005022823810577,
    0.1344483196735382,
    0.7022917866706848,
    0.00016027172387111932,
    0.001784066902473569,
    0.15561996400356293,
    0.2830451726913452,
    0.27007949352264404,
    0.32610565423965454,
    0.06076814606785774,
    0.6067401766777039,
    0.9999645948410034
  ]
}