{
  "target_class": 2,
  "direction": "remove",
  "target_conf_before": 0.24065738916397095,
  "target_conf_after": 0.08581007272005081,
  "flipped": true,
  "l1": 0.11605143547058105,
  "all_probs_before": [
    0.02509450353682041,
    0.0390574112534523,
    0.24065738916397095,
    0.5828220248222351,
    0.16596689820289612,
    0.9659674167633057,
    0.5107142925262451,
    0.012753477320075035,
    0.9327539801597595,
    0.03055199421942234,
    0.20267362892627716,
    0.32817184925079346,
    0.3350679874420166,
    0.8915145397186279,
    0.6819236278533936,
    0.5873854756355286,
    0.23912711441516876,
    0.004735130816698074,
    0.7932166457176208,
    0.3648730218410492
  ],
  "all_probs_after": [
    0.14756615459918976,
    0.10858979821205139,
    0.08581007272005081,
    0.8056227564811707,
    0.6875499486923218,
    0.6180540919303894,
    0.14778394997119904,
    0.15985992550849915,
    0.8239688873291016,
    0.047165703028440475,
    0.5349811315536499,
    0.3958132863044739,
    0.37294453382492065,
    0.9722757935523987,
    0.05024166777729988,
    0.8328080177307129,
    0.5162920355796814,
    0.04689871519804001,
    0.952273428440094,
    0.8916576504707336
  ]
}