{
  "target_class": 2,
  "direction": "remove",
  "target_conf_before": 0.007620564196258783,
  "target_conf_after": 0.011396382935345173,
  "flipped": true,
  "l1": 0.1119765192270279,
  "all_probs_before": [
    0.003741655731573701,
    0.004685398656874895,
    0.007620564196258783,
    0.0001271557412110269,
    0.00027954039978794754,
    0.9805522561073303,
    0.9991011619567871,
    0.014735831879079342,
    0.07844891399145126,
    0.0021145592909306288,
    0.006125439889729023,
    5.5792163038859144e-05,
    7.377191650448367e-05,
    0.0020814163144677877,
    0.5120151042938232,
    0.002380798337981105,
    0.015333941206336021,
    0.0018318499205633998,
    0.012727410532534122,
    0.993463397026062
  ],
  "all_probs_after": [
    0.0007601361721754074,
    0.0009960945462808013,
    0.011396382935345173,
    3.60991143679712e-05,
    3.3296335459453985e-05,
    0.9947170615196228,
    0.9994781613349915,
    0.025861700996756554,
    0.07227081060409546,
    9.591765410732478e-05,
    0.0016615987988188863,
    2.4813746222207556e-06,
    2.3607306502526626e-05,
    0.008412014693021774,
    0.5290566682815552,
    0.015140878967940807,
    0.25336527824401855,
    0.00039772180025465786,
    0.002210665727034211,
    0.9983012080192566
  ]
}