{
  "target_class": 2,
  "direction": "remove",
  "target_conf_before": 0.029403580352663994,
  "target_conf_after": 0.04127645120024681,
  "flipped": true,
  "l1": 0.11147888004779816,
  "all_probs_before": [
    0.02239064686000347,
    0.09289184957742691,
    0.029403580352663994,
    0.009343837387859821,
    9.334243077319115e-05,
    0.9497711658477783,
    0.9919588565826416,
    0.0013181398389860988,
    0.6848492622375488,
    0.0032036281190812588,
    0.03368425369262695,
    0.012064987793564796,
    0.000802735099568963,
    0.01960103213787079,
    0.06454077363014221,
    0.0029485728591680527,
    0.07124381512403488,
    0.009605228900909424,
    0.07703564316034317,
    0.9723882675170898
  ],
  "all_probs_after": [
    0.0028789036441594362,
    0.020574402064085007,
    0.04127645120024681,
    0.010958998464047909,
    9.584278450347483e-05,
    0.9940832257270813,
    0.9928197264671326,
    0.009951296262443066,
    0.7839727997779846,
    0.0021324411500245333,
    0.002623415319249034,
    0.004089869558811188,
    0.002417700830847025,
    0.012899564579129219,
    0.20484507083892822,
    0.004299314226955175,
    0.02000272646546364,
    0.002126164734363556,
    0.006520011927932501,
    0.8885967135429382
  ]
}