{
  "target_class": 14,
  "direction": "remove",
  "target_conf_before": 0.16270574927330017,
  "target_conf_after": 0.12177952378988266,
  "flipped": true,
  "l1": 0.11262693256139755,
  "all_probs_before": [
    0.23268058896064758,
    0.012273859232664108,
    0.0009318388183601201,
    0.003650219179689884,
    0.015019536949694157,
    0.9887692928314209,
    0.9960210919380188,
    0.2744053304195404,
    0.04115794971585274,
    0.08186649531126022,
    0.14765997231006622,
    0.0017267096554860473,
    0.0023280037567019463,
    0.1812240332365036,
    0.16270574927330017,
    0.02809416875243187,
    0.9519291520118713,
    0.019595155492424965,
    0.8741653561592102,
    0.9998443126678467
  ],
  "all_probs_after": [
    0.658976137638092,
    0.0462990403175354,
    0.009408881887793541,
    0.012466449290513992,
    0.05092573165893555,
    0.9970705509185791,
    0.9939069151878357,
    0.233028843998909,
    0.18550781905651093,
    0.1514425426721573,
    0.4848228693008423,
    0.001726158196106553,
    0.0022589261643588543,
    0.11276310682296753,
    0.12177952378988266,
    0.05962532013654709,
    0.6385787129402161,
    0.15879562497138977,
    0.7886319160461426,
    0.9999815225601196
  ]
}