{
  "target_class": 14,
  "direction": "remove",
  "target_conf_before": 0.9862117767333984,
  "target_conf_after": 0.14451847970485687,
  "flipped": true,
  "l1": 0.1059800535440445,
  "all_probs_before": [
    8.564333984395489e-05,
    0.02461952343583107,
    0.19468258321285248,
    5.449383024824783e-05,
    0.002342561725527048,
    0.9986227750778198,
    0.9702470898628235,
    0.006795291323214769,
    0.38264504075050354,
    0.0016762632876634598,
    0.04423059523105621,
    7.84745134296827e-06,
    0.4090028703212738,
    0.011263635940849781,
    0.9862117767333984,
    0.014487156644463539,
    0.009714869782328606,
    0.01433953084051609,
    0.0005457604420371354,
    0.000698561139870435
  ],
  "all_probs_after": [
    0.0012760697863996029,
    0.5109960436820984,
    0.1991194784641266,
    0.001640883507207036,
    0.00698990048840642,
    0.9981073141098022,
    0.9936273097991943,
    0.019421182572841644,
    0.9386510252952576,
    0.004948554094880819,
    0.43584194779396057,
    1.656344102229923e-05,
    0.1023077741265297,
    0.09884294867515564,
    0.14451847970485687,
    0.025346603244543076,
    0.05964183434844017,
    0.16413730382919312,
    0.007577341981232166,
    0.06761587411165237
  ]
}