{
  "target_class": 14,
  "direction": "remove",
  "target_conf_before": 0.6883836388587952,
  "target_conf_after": 0.21133878827095032,
  "flipped": true,
  "l1": 0.10588112473487854,
  "all_probs_before": [
    0.03185860440135002,
    0.010344160720705986,
    0.02467535436153412,
    0.016387423500418663,
    0.005549467168748379,
    0.42094457149505615,
    0.849288821220398,
    0.03662658855319023,
    0.2294982671737671,
    0.030435902997851372,
    0.028945734724402428,
    0.05747951939702034,
    0.016523092985153198,
    0.04145916551351547,
    0.6883836388587952,
    0.007994606159627438,
    0.04131579026579857,
    0.022078560665249825,
    0.13062690198421478,
    0.28702402114868164
  ],
  "all_probs_after": [
    0.162465900182724,
    0.15112526714801788,
    0.02880236692726612,
    0.024944139644503593,
    0.0046371580101549625,
    0.5869186520576477,
    0.9218160510063171,
    0.052074726670980453,
    0.5534830093383789,
    0.005076273810118437,
    0.20780175924301147,
    0.028932884335517883,
    0.017343981191515923,
    0.019805004820227623,
    0.21133878827095032,
    0.00770470080897212,
    0.05891689285635948,
    0.22678878903388977,
    0.33123815059661865,
    0.5538997054100037
  ]
}