{
  "target_class": 14,
  "direction": "remove",
  "target_conf_before": 0.6230553388595581,
  "target_conf_after": 0.13812094926834106,
  "flipped": true,
  "l1": 0.07460848242044449,
  "all_probs_before": [
    0.0014439839869737625,
    0.13516274094581604,
    0.00902560818940401,
    0.10082965344190598,
    0.0025668665766716003,
    0.4247548282146454,
    0.04964660108089447,
    0.006040329113602638,
    0.7683788537979126,
    0.08826817572116852,
    0.0029264772310853004,
    0.7154232859611511,
    0.9990634322166443,
    0.009472881443798542,
    0.6230553388595581,
    0.00786563940346241,
    0.001078778295777738,
    0.0010305459145456553,
    0.002287031849846244,
    0.013519354164600372
  ],
  "all_probs_after": [
    0.028010550886392593,
    0.7662824988365173,
    0.013407044112682343,
    0.2504296600818634,
    0.01520549226552248,
    0.11009985953569412,
    0.005121804308146238,
    0.005968343000859022,
    0.9550497531890869,
    0.006796318106353283,
    0.026178814470767975,
    0.555961549282074,
    0.9942498207092285,
    0.32024991512298584,
    0.13812094926834106,
    0.04325397312641144,
    0.02606385014951229,
    0.013221721164882183,
    0.007036985829472542,
    0.00849586445838213
  ]
}