{
  "target_class": 14,
  "direction": "remove",
  "target_conf_before": 0.7794629335403442,
  "target_conf_after": 0.03630843758583069,
  "flipped": true,
  "l1": 0.1021428108215332,
  "all_probs_before": [
    0.0032081506215035915,
    0.004800182767212391,
    0.11683886498212814,
    0.031052937731146812,
    0.00014565035235136747,
    0.9990924596786499,
    0.7131326198577881,
    0.0021497614216059446,
    0.8836979269981384,
    0.022089745849370956,
    0.015982795506715775,
    0.015938766300678253,
    0.06278171390295029,
    0.001562519813887775,
    0.7794629335403442,
    0.005809459835290909,
    0.0044262404553592205,
    0.022283287718892097,
    0.0006190236308611929,
    0.992111325263977
  ],
  "all_probs_after": [
    0.0008756958413869143,
    0.002596928272396326,
    0.0969194620847702,
    0.009383308701217175,
    1.2385648005874828e-05,
    0.9986932873725891,
    0.9306218028068542,
    0.00044631576747633517,
    0.9921321272850037,
    0.0008363863453269005,
    0.0007240244885906577,
    0.0036884534638375044,
    0.006187478080391884,
    0.00049335922813043,
    0.03630843758583069,
    0.00034035128192044795,
    0.0034950319677591324,
    0.0005283172358758748,
    0.00012397354294080287,
    0.9884485602378845
  ]
}