{
  "target_class": 14,
  "direction": "remove",
  "target_conf_before": 0.0022945012897253036,
  "target_conf_after": 0.006815089378505945,
  "flipped": true,
  "l1": 0.11160958558320999,
  "all_probs_before": [
    0.5391098856925964,
    0.2331550419330597,
    0.04859590902924538,
    0.6606200337409973,
    0.20042632520198822,
    0.08583851903676987,
    0.013637888245284557,
    0.19620615243911743,
    0.7210222482681274,
    0.016663961112499237,
    0.4351143538951874,
    0.3703364431858063,
    0.1642678827047348,
    0.12118138372898102,
    0.0022945012897253036,
    0.10682926326990128,
    0.1140030100941658,
    0.15403227508068085,
    0.9687836170196533,
    0.9926067590713501
  ],
  "all_probs_after": [
    0.2063235342502594,
    0.09269485622644424,
    0.005893637891858816,
    0.9080891609191895,
    0.33316487073898315,
    0.1356622874736786,
    0.007136863190680742,
    0.2415332943201065,
    0.47244197130203247,
    0.07415872067213058,
    0.3633991777896881,
    0.4271080195903778,
    0.8658110499382019,
    0.7596712708473206,
    0.006815089378505945,
    0.08880587667226791,
    0.2911776006221771,
    0.110393226146698,
    0.9790117144584656,
    0.9101300835609436
  ]
}