{
  "target_class": 14,
  "direction": "remove",
  "target_conf_before": 0.7522009611129761,
  "target_conf_after": 0.0487544871866703,
  "flipped": true,
  "l1": 0.10946395993232727,
  "all_probs_before": [
    0.02005738392472267,
    0.02386208064854145,
    0.02118166722357273,
    0.002075421856716275,
    0.00682165427133441,
    0.9421529769897461,
    0.9015881419181824,
    0.09796100109815598,
    0.016101937741041183,
    0.004356694407761097,
    0.054177772253751755,
    0.00018730154260993004,
    7.909473788458854e-05,
    0.04735087603330612,
    0.7522009611129761,
    0.36137259006500244,
    0.2763429284095764,
    0.024241745471954346,
    0.02795989066362381,
    0.9996374845504761
  ],
  "all_probs_after": [
    0.002710566855967045,
    0.005493104923516512,
    0.011733723804354668,
    7.75050648371689e-05,
    0.00048598245484754443,
    0.9899762272834778,
    0.9991457462310791,
    0.027382466942071915,
    0.11128657311201096,
    0.0021313263569027185,
    0.00823585968464613,
    2.864682528525009e-06,
    2.334817145310808e-05,
    0.043724384158849716,
    0.0487544871866703,
    0.04946974664926529,
    0.2473718822002411,
    0.0018703198293223977,
    0.012158785946667194,
    0.9999552965164185
  ]
}