{
  "target_class": 14,
  "direction": "remove",
  "target_conf_before": 0.17728281021118164,
  "target_conf_after": 0.13194330036640167,
  "flipped": true,
  "l1": 0.11447310447692871,
  "all_probs_before": [
    0.07418496906757355,
    0.1596950888633728,
    0.06268039345741272,
    0.09634042531251907,
    0.02896682545542717,
    0.3244410753250122,
    0.8622416853904724,
    0.0697413757443428,
    0.7726275324821472,
    0.04348433017730713,
    0.12578611075878143,
    0.030249815434217453,
    0.013146674260497093,
    0.08156349509954453,
    0.17728281021118164,
    0.10638517141342163,
    0.4238646924495697,
    0.15363281965255737,
    0.331438273191452,
    0.7574150562286377
  ],
  "all_probs_after": [
    0.026626108214259148,
    0.07769104838371277,
    0.13117505609989166,
    0.0316246822476387,
    0.04727567732334137,
    0.32187068462371826,
    0.9625521302223206,
    0.10801910609006882,
    0.8624746799468994,
    0.10250581800937653,
    0.205715611577034,
    0.035358794033527374,
    0.00495129032060504,
    0.2002529352903366,
    0.13194330036640167,
    0.1601477563381195,
    0.4412800371646881,
    0.07510147988796234,
    0.24770347774028778,
    0.7799556851387024
  ]
}