{
  "target_class": 8,
  "direction": "remove",
  "target_conf_before": 0.9192838072776794,
  "target_conf_after": 0.14507749676704407,
  "flipped": true,
  "l1": 0.11675763130187988,
  "all_probs_before": [
    0.07914508879184723,
    0.2232343554496765,
    0.004109293222427368,
    0.22072212398052216,
    0.16841651499271393,
    0.9543914198875427,
    0.20912471413612366,
    0.9729165434837341,
    0.9192838072776794,
    0.26543110609054565,
    0.872012197971344,
    0.00011968608305323869,
    0.015209083445370197,
    0.24162547290325165,
    0.12236445397138596,
    0.11655441671609879,
    0.6212893724441528,
    0.41692906618118286,
    0.9363856315612793,
    0.999984622001648
  ],
  "all_probs_after": [
    0.23897136747837067,
    0.015876317396759987,
    0.003793893614783883,
    0.08455848693847656,
    0.2367975413799286,
    0.9860852956771851,
    0.9681563377380371,
    0.8742127418518066,
    0.14507749676704407,
    0.20454378426074982,
    0.16936016082763672,
    0.0031072725541889668,
    0.013416653499007225,
    0.5132607221603394,
    0.10632207989692688,
    0.24800704419612885,
    0.9266557693481445,
    0.015340947546064854,
    0.8863843083381653,
    0.9998506307601929
  ]
}