{
  "target_class": 8,
  "direction": "remove",
  "target_conf_before": 0.9808341860771179,
  "target_conf_after": 0.4012697637081146,
  "flipped": true,
  "l1": 0.07978978753089905,
  "all_probs_before": [
    0.0065261488780379295,
    0.48522865772247314,
    0.04103013500571251,
    0.052526455372571945,
    0.0011073864297941327,
    0.1762547492980957,
    0.023525195196270943,
    0.001992382574826479,
    0.9808341860771179,
    0.03359721973538399,
    0.0016501632053405046,
    0.24807210266590118,
    0.99741530418396,
    0.017189865931868553,
    0.19802968204021454,
    0.006814889144152403,
    0.0004915866884402931,
    0.018974779173731804,
    0.0020459527149796486,
    0.022341713309288025
  ],
  "all_probs_after": [
    0.010617045685648918,
    0.6410835981369019,
    0.024803433567285538,
    0.2062370479106903,
    0.008846831507980824,
    0.6506626009941101,
    0.09863507002592087,
    0.01763412542641163,
    0.4012697637081146,
    0.05835546925663948,
    0.0028920138720422983,
    0.7414586544036865,
    0.9994926452636719,
    0.2739395797252655,
    0.8592277765274048,
    0.10201037675142288,
    0.03369668126106262,
    0.0009245516266673803,
    0.002911463612690568,
    0.005435559432953596
  ]
}