{
  "target_class": 8,
  "direction": "remove",
  "target_conf_before": 0.6799848079681396,
  "target_conf_after": 0.11915668845176697,
  "flipped": true,
  "l1": 0.11275769025087357,
  "all_probs_before": [
    0.16674305498600006,
    0.10108130425214767,
    0.044088903814554214,
    0.9446014761924744,
    0.21134613454341888,
    0.17627480626106262,
    0.008640019223093987,
    0.10922536998987198,
    0.6799848079681396,
    0.018627580255270004,
    0.15369975566864014,
    0.7029659152030945,
    0.8417988419532776,
    0.7237748503684998,
    0.048184383660554886,
    0.15462768077850342,
    0.20145049691200256,
    0.07489833235740662,
    0.9450621604919434,
    0.9155638217926025
  ],
  "all_probs_after": [
    0.8085516095161438,
    0.05922384932637215,
    0.03648892045021057,
    0.8905525803565979,
    0.4280746877193451,
    0.031131096184253693,
    0.03272325173020363,
    0.14092734456062317,
    0.11915668845176697,
    0.013228359632194042,
    0.030005769804120064,
    0.7596690058708191,
    0.7470759749412537,
    0.7788099050521851,
    0.019351419061422348,
    0.15599150955677032,
    0.1873181164264679,
    0.044370271265506744,
    0.9915041327476501,
    0.5648589730262756
  ]
}