{
  "target_class": 8,
  "direction": "remove",
  "target_conf_before": 0.7401211261749268,
  "target_conf_after": 0.09113047271966934,
  "flipped": true,
  "l1": 0.11852211505174637,
  "all_probs_before": [
    0.018527386710047722,
    0.8512511849403381,
    0.014510164968669415,
    0.3698335289955139,
    0.06583967804908752,
    0.04810349643230438,
    0.09110795706510544,
    0.09115763008594513,
    0.7401211261749268,
    0.10350961238145828,
    0.45449888706207275,
    0.05315406993031502,
    0.23852191865444183,
    0.30681750178337097,
    0.3507865369319916,
    0.12226593494415283,
    0.7000621557235718,
    0.15128177404403687,
    0.12366002053022385,
    0.18285618722438812
  ],
  "all_probs_after": [
    0.04256279394030571,
    0.03921521455049515,
    0.002530100056901574,
    0.009704085066914558,
    0.005087578669190407,
    0.21933329105377197,
    0.940005898475647,
    0.008346348069608212,
    0.09113047271966934,
    0.3654147684574127,
    0.36300572752952576,
    0.03518538922071457,
    0.0418725311756134,
    0.008379466831684113,
    0.26092931628227234,
    0.0029528180602937937,
    0.09705878049135208,
    0.032815203070640564,
    0.08733586966991425,
    0.2013082057237625
  ]
}