{
  "target_class": 8,
  "direction": "remove",
  "target_conf_before": 0.7136995196342468,
  "target_conf_after": 0.14709407091140747,
  "flipped": true,
  "l1": 0.1058187484741211,
  "all_probs_before": [
    0.0014537915121763945,
    0.33878132700920105,
    0.09752926975488663,
    0.007174626458436251,
    0.10683389753103256,
    0.7920100092887878,
    0.12327047437429428,
    0.015944667160511017,
    0.7136995196342468,
    0.0035334695130586624,
    0.21280023455619812,
    9.35244606807828e-05,
    0.7406938076019287,
    0.6788163781166077,
    0.9034799337387085,
    0.24599196016788483,
    0.10632314532995224,
    0.09955354034900665,
    0.016279712319374084,
    0.008839137852191925
  ],
  "all_probs_after": [
    0.0030114897526800632,
    0.1303004026412964,
    0.09405828267335892,
    0.0014726269291713834,
    0.04916360229253769,
    0.9716121554374695,
    0.7439101934432983,
    0.010693419724702835,
    0.14709407091140747,
    0.004212924744933844,
    0.1297023445367813,
    0.00040932721458375454,
    0.6289160847663879,
    0.40121376514434814,
    0.9562811255455017,
    0.2798399329185486,
    0.05497078225016594,
    0.028759295120835304,
    0.008915718644857407,
    0.0048422194086015224
  ]
}