{
  "target_class": 8,
  "direction": "remove",
  "target_conf_before": 0.23117832839488983,
  "target_conf_after": 0.15653973817825317,
  "flipped": true,
  "l1": 0.10735153406858444,
  "all_probs_before": [
    0.02072967402637005,
    0.02641500160098076,
    0.02495046705007553,
    0.028224989771842957,
    0.005733029451221228,
    0.012796235270798206,
    0.04973122477531433,
    0.014368674717843533,
    0.23117832839488983,
    0.006097192410379648,
    0.08754492551088333,
    0.03777288645505905,
    0.012785222381353378,
    0.009139236994087696,
    0.8111434578895569,
    0.004459159914404154,
    0.0076103052124381065,
    0.164055734872818,
    0.058240942656993866,
    0.025316257029771805
  ],
  "all_probs_after": [
    0.050695862621068954,
    0.029596708714962006,
    0.02369438298046589,
    0.01585153490304947,
    0.012546350248157978,
    0.20806710422039032,
    0.34728357195854187,
    0.04709029570221901,
    0.15653973817825317,
    0.02154463157057762,
    0.1434464007616043,
    0.05567224696278572,
    0.1642960160970688,
    0.032644134014844894,
    0.943015456199646,
    0.00736559834331274,
    0.07133060693740845,
    0.08287363499403,
    0.07879375666379929,
    0.041775405406951904
  ]
}