{
  "target_class": 8,
  "direction": "remove",
  "target_conf_before": 0.895652711391449,
  "target_conf_after": 0.39195147156715393,
  "flipped": true,
  "l1": 0.10270584374666214,
  "all_probs_before": [
    0.010090314783155918,
    0.005654401611536741,
    0.21073229610919952,
    0.022260040044784546,
    0.00039466272573918104,
    0.8061406016349792,
    0.08160409331321716,
    0.005148361902683973,
    0.895652711391449,
    0.1319984793663025,
    0.026548724621534348,
    0.02685767039656639,
    0.03664465248584747,
    0.029510734602808952,
    0.8813735246658325,
    0.010851431638002396,
    0.0063600256107747555,
    0.018066925927996635,
    0.002245713723823428,
    0.7918968796730042
  ],
  "all_probs_after": [
    0.0034238381776958704,
    0.0010995760094374418,
    0.037412188947200775,
    0.015479801222682,
    0.000803627073764801,
    0.9297170042991638,
    0.2769973874092102,
    0.008594975806772709,
    0.39195147156715393,
    0.06477678567171097,
    0.007680964190512896,
    0.12163954973220825,
    0.06583594530820847,
    0.010564466007053852,
    0.9360149502754211,
    0.010463372804224491,
    0.004877324216067791,
    0.0051128757186234,
    0.002411455847322941,
    0.8088220357894897
  ]
}