{
  "target_class": 8,
  "direction": "remove",
  "target_conf_before": 0.022938473150134087,
  "target_conf_after": 0.03832421451807022,
  "flipped": true,
  "l1": 0.1098296120762825,
  "all_probs_before": [
    0.08240802586078644,
    0.18884259462356567,
    0.01597454771399498,
    0.09930121898651123,
    0.15923035144805908,
    0.8912315368652344,
    0.18357466161251068,
    0.5605734586715698,
    0.022938473150134087,
    0.06853582710027695,
    0.2701631784439087,
    0.0012808729661628604,
    0.0023227757774293423,
    0.35592135787010193,
    0.8106062412261963,
    0.6522606611251831,
    0.506839394569397,
    0.24881356954574585,
    0.48433440923690796,
    0.9999622106552124
  ],
  "all_probs_after": [
    0.06764674186706543,
    0.014177436009049416,
    0.009677904658019543,
    0.0010975688928738236,
    0.005726659204810858,
    0.9890154004096985,
    0.9916791319847107,
    0.14213140308856964,
    0.03832421451807022,
    0.010920473374426365,
    0.10788636654615402,
    3.997671228717081e-05,
    3.99123782699462e-05,
    0.46387773752212524,
    0.3076736330986023,
    0.3608168065547943,
    0.666650116443634,
    0.027715548872947693,
    0.11852666735649109,
    0.9999948740005493
  ]
}