{
  "target_class": 6,
  "direction": "remove",
  "target_conf_before": 0.8065418601036072,
  "target_conf_after": 0.04973122477531433,
  "flipped": true,
  "l1": 0.10909434407949448,
  "all_probs_before": [
    0.01598593033850193,
    0.007368168793618679,
    0.0196656733751297,
    0.00859072245657444,
    0.0010723026935011148,
    0.20575232803821564,
    0.8065418601036072,
    0.13566692173480988,
    0.1741352081298828,
    0.004212634637951851,
    0.051973819732666016,
    0.022121962159872055,
    0.0024487096816301346,
    0.006087083835154772,
    0.43703293800354004,
    0.0022757775150239468,
    0.035421375185251236,
    0.018411429598927498,
    0.09767214208841324,
    0.17468729615211487
  ],
  "all_probs_after": [
    0.02072967402637005,
    0.02641500160098076,
    0.02495046705007553,
    0.028224989771842957,
    0.005733029451221228,
    0.012796235270798206,
    0.04973122477531433,
    0.014368674717843533,
    0.23117832839488983,
    0.006097192410379648,
    0.08754492551088333,
    0.03777288645505905,
    0.012785222381353378,
    0.009139236994087696,
    0.8111434578895569,
    0.004459159914404154,
    0.0076103052124381065,
    0.164055734872818,
    0.058240942656993866,
    0.025316257029771805
  ]
}