{
  "target_class": 6,
  "direction": "remove",
  "target_conf_before": 0.015342338010668755,
  "target_conf_after": 0.008640019223093987,
  "flipped": true,
  "l1": 0.11231371760368347,
  "all_probs_before": [
    0.7976124882698059,
    0.5011177659034729,
    0.39482226967811584,
    0.8637906908988953,
    0.17615123093128204,
    0.07758546620607376,
    0.015342338010668755,
    0.04321620985865593,
    0.486446350812912,
    0.0111557487398386,
    0.05145697668194771,
    0.8411062955856323,
    0.728821337223053,
    0.7512650489807129,
    0.10654442012310028,
    0.583382785320282,
    0.16440020501613617,
    0.16079236567020416,
    0.8999537825584412,
    0.9030944108963013
  ],
  "all_probs_after": [
    0.16674305498600006,
    0.10108130425214767,
    0.044088903814554214,
    0.9446014761924744,
    0.21134613454341888,
    0.17627480626106262,
    0.008640019223093987,
    0.10922536998987198,
    0.6799848079681396,
    0.018627580255270004,
    0.15369975566864014,
    0.7029659152030945,
    0.8417988419532776,
    0.7237748503684998,
    0.048184383660554886,
    0.15462768077850342,
    0.20145049691200256,
    0.07489833235740662,
    0.9450621604919434,
    0.9155638217926025
  ]
}