{
  "target_class": 6,
  "direction": "remove",
  "target_conf_before": 0.9858798384666443,
  "target_conf_after": 0.20912471413612366,
  "flipped": true,
  "l1": 0.11794620752334595,
  "all_probs_before": [
    0.34326398372650146,
    0.046337246894836426,
    0.00309442775323987,
    0.007656130939722061,
    0.08239723742008209,
    0.6754810214042664,
    0.9858798384666443,
    0.7075490355491638,
    0.23241153359413147,
    0.5149782299995422,
    0.4016427993774414,
    0.0004648309841286391,
    0.004665921907871962,
    0.3713415861129761,
    0.01792028173804283,
    0.032698508352041245,
    0.755689799785614,
    0.054811734706163406,
    0.9053575992584229,
    0.9963233470916748
  ],
  "all_probs_after": [
    0.07914508879184723,
    0.2232343554496765,
    0.004109293222427368,
    0.22072212398052216,
    0.16841651499271393,
    0.9543914198875427,
    0.20912471413612366,
    0.9729165434837341,
    0.9192838072776794,
    0.26543110609054565,
    0.872012197971344,
    0.00011968608305323869,
    0.015209083445370197,
    0.24162547290325165,
    0.12236445397138596,
    0.11655441671609879,
    0.6212893724441528,
    0.41692906618118286,
    0.9363856315612793,
    0.999984622001648
  ]
}