{
  "target_class": 6,
  "direction": "remove",
  "target_conf_before": 0.8507769703865051,
  "target_conf_after": 0.12327047437429428,
  "flipped": true,
  "l1": 0.10747230798006058,
  "all_probs_before": [
    0.01881716214120388,
    0.34400299191474915,
    0.01249692402780056,
    0.0020750227849930525,
    0.06590831279754639,
    0.29511213302612305,
    0.8507769703865051,
    0.03629771247506142,
    0.075062096118927,
    0.3791494071483612,
    0.22876685857772827,
    0.0015509392833337188,
    0.43241244554519653,
    0.2649005353450775,
    0.6980322599411011,
    0.019219696521759033,
    0.09419804811477661,
    0.1074196919798851,
    0.031202616170048714,
    0.0076667130924761295
  ],
  "all_probs_after": [
    0.0014537915121763945,
    0.33878132700920105,
    0.09752926975488663,
    0.007174626458436251,
    0.10683389753103256,
    0.7920100092887878,
    0.12327047437429428,
    0.015944667160511017,
    0.7136995196342468,
    0.0035334695130586624,
    0.21280023455619812,
    9.35244606807828e-05,
    0.7406938076019287,
    0.6788163781166077,
    0.9034799337387085,
    0.24599196016788483,
    0.10632314532995224,
    0.09955354034900665,
    0.016279712319374084,
    0.008839137852191925
  ]
}