{
  "target_class": 6,
  "direction": "remove",
  "target_conf_before": 0.987448513507843,
  "target_conf_after": 0.09110795706510544,
  "flipped": true,
  "l1": 0.1179209053516388,
  "all_probs_before": [
    0.01814301684498787,
    0.009127615951001644,
    0.10343348979949951,
    0.00951615534722805,
    0.022805234417319298,
    0.2362825721502304,
    0.987448513507843,
    0.27523520588874817,
    0.6855193972587585,
    0.07609114795923233,
    0.03160853683948517,
    0.0263363029807806,
    0.0015764671843498945,
    0.013532689772546291,
    0.16286598145961761,
    0.019145747646689415,
    0.058413535356521606,
    0.018503714352846146,
    0.1675422191619873,
    0.3940249979496002
  ],
  "all_probs_after": [
    0.018527386710047722,
    0.8512511849403381,
    0.014510164968669415,
    0.3698335289955139,
    0.06583967804908752,
    0.04810349643230438,
    0.09110795706510544,
    0.09115763008594513,
    0.7401211261749268,
    0.10350961238145828,
    0.45449888706207275,
    0.05315406993031502,
    0.23852191865444183,
    0.30681750178337097,
    0.3507865369319916,
    0.12226593494415283,
    0.7000621557235718,
    0.15128177404403687,
    0.12366002053022385,
    0.18285618722438812
  ]
}