{
  "target_class": 6,
  "direction": "remove",
  "target_conf_before": 0.823453962802887,
  "target_conf_after": 0.08160409331321716,
  "flipped": true,
  "l1": 0.10414209961891174,
  "all_probs_before": [
    0.04161049425601959,
    0.007801583502441645,
    0.37481623888015747,
    0.09097626060247421,
    0.0013905903324484825,
    0.5940559506416321,
    0.823453962802887,
    0.00518405856564641,
    0.9248315691947937,
    0.07614915817975998,
    0.004472524393349886,
    0.11116678267717361,
    0.022936081513762474,
    0.389573335647583,
    0.5967854857444763,
    0.039473000913858414,
    0.14734309911727905,
    0.10156429558992386,
    0.018619585782289505,
    0.6459264755249023
  ],
  "all_probs_after": [
    0.010090314783155918,
    0.005654401611536741,
    0.21073229610919952,
    0.022260040044784546,
    0.00039466272573918104,
    0.8061406016349792,
    0.08160409331321716,
    0.005148361902683973,
    0.895652711391449,
    0.1319984793663025,
    0.026548724621534348,
    0.02685767039656639,
    0.03664465248584747,
    0.029510734602808952,
    0.8813735246658325,
    0.010851431638002396,
    0.0063600256107747555,
    0.018066925927996635,
    0.002245713723823428,
    0.7918968796730042
  ]
}