{
  "target_class": 6,
  "direction": "remove",
  "target_conf_before": 0.764133870601654,
  "target_conf_after": 0.18357466161251068,
  "flipped": true,
  "l1": 0.10997878015041351,
  "all_probs_before": [
    0.01324811764061451,
    0.100188247859478,
    0.004160586278885603,
    0.0023879362270236015,
    0.03494132682681084,
    0.6983252167701721,
    0.764133870601654,
    0.1285129338502884,
    0.020338185131549835,
    0.00878151599317789,
    0.0299103744328022,
    0.00024249371199402958,
    0.00019075021555181593,
    0.7613487839698792,
    0.4708009958267212,
    0.8636409640312195,
    0.9835410714149475,
    0.012483902275562286,
    0.07504734396934509,
    0.9997325539588928
  ],
  "all_probs_after": [
    0.08240802586078644,
    0.18884259462356567,
    0.01597454771399498,
    0.09930121898651123,
    0.15923035144805908,
    0.8912315368652344,
    0.18357466161251068,
    0.5605734586715698,
    0.022938473150134087,
    0.06853582710027695,
    0.2701631784439087,
    0.0012808729661628604,
    0.0023227757774293423,
    0.35592135787010193,
    0.8106062412261963,
    0.6522606611251831,
    0.506839394569397,
    0.24881356954574585,
    0.48433440923690796,
    0.9999622106552124
  ]
}