{
  "target_class": 6,
  "direction": "remove",
  "target_conf_before": 0.008252694271504879,
  "target_conf_after": 0.023525195196270943,
  "flipped": true,
  "l1": 0.07969354838132858,
  "all_probs_before": [
    0.0017895569326356053,
    0.5243092775344849,
    0.028061026707291603,
    0.06818200647830963,
    0.0007163695991039276,
    0.14199282228946686,
    0.008252694271504879,
    0.0011447797296568751,
    0.9510207772254944,
    0.060534294694662094,
    0.003629635088145733,
    0.4243895709514618,
    0.9994753003120422,
    0.006696792319417,
    0.5990260243415833,
    0.005886898376047611,
    0.00028697168454527855,
    0.006917503662407398,
    0.0012507197679951787,
    0.009617924690246582
  ],
  "all_probs_after": [
    0.0065261488780379295,
    0.48522865772247314,
    0.04103013500571251,
    0.052526455372571945,
    0.0011073864297941327,
    0.1762547492980957,
    0.023525195196270943,
    0.001992382574826479,
    0.9808341860771179,
    0.03359721973538399,
    0.0016501632053405046,
    0.24807210266590118,
    0.99741530418396,
    0.017189865931868553,
    0.19802968204021454,
    0.006814889144152403,
    0.0004915866884402931,
    0.018974779173731804,
    0.0020459527149796486,
    0.022341713309288025
  ]
}