{
  "target_class": 5,
  "direction": "remove",
  "target_conf_before": 0.6180540919303894,
  "target_conf_after": 0.07758546620607376,
  "flipped": true,
  "l1": 0.11331452429294586,
  "all_probs_before": [
    0.14756615459918976,
    0.10858979821205139,
    0.08581007272005081,
    0.8056227564811707,
    0.6875499486923218,
    0.6180540919303894,
    0.14778394997119904,
    0.15985992550849915,
    0.8239688873291016,
    0.047165703028440475,
    0.5349811315536499,
    0.3958132863044739,
    0.37294453382492065,
    0.9722757935523987,
    0.05024166777729988,
    0.8328080177307129,
    0.5162920355796814,
    0.04689871519804001,
    0.952273428440094,
    0.8916576504707336
  ],
  "all_probs_after": [
    0.7976124882698059,
    0.5011177659034729,
    0.39482226967811584,
    0.8637906908988953,
    0.17615123093128204,
    0.07758546620607376,
    0.015342338010668755,
    0.04321620985865593,
    0.486446350812912,
    0.0111557487398386,
    0.05145697668194771,
    0.8411062955856323,
    0.728821337223053,
    0.7512650489807129,
    0.10654442012310028,
    0.583382785320282,
    0.16440020501613617,
    0.16079236567020416,
    0.8999537825584412,
    0.9030944108963013
  ]
}