{
  "target_class": 5,
  "direction": "remove",
  "target_conf_before": 0.9956812858581543,
  "target_conf_after": 0.29511213302612305,
  "flipped": true,
  "l1": 0.11064790189266205,
  "all_probs_before": [
    0.005517106503248215,
    0.17403540015220642,
    0.03411971777677536,
    0.00028238436789251864,
    0.02213895693421364,
    0.9956812858581543,
    0.9975965619087219,
    0.01837257109582424,
    0.4203009307384491,
    0.02137814275920391,
    0.2674117386341095,
    9.034152753883973e-05,
    0.03145136684179306,
    0.11509290337562561,
    0.2735205292701721,
    0.009274372830986977,
    0.07584270089864731,
    0.0647057592868805,
    0.019163277000188828,
    0.03510957956314087
  ],
  "all_probs_after": [
    0.01881716214120388,
    0.34400299191474915,
    0.01249692402780056,
    0.0020750227849930525,
    0.06590831279754639,
    0.29511213302612305,
    0.8507769703865051,
    0.03629771247506142,
    0.075062096118927,
    0.3791494071483612,
    0.22876685857772827,
    0.0015509392833337188,
    0.43241244554519653,
    0.2649005353450775,
    0.6980322599411011,
    0.019219696521759033,
    0.09419804811477661,
    0.1074196919798851,
    0.031202616170048714,
    0.0076667130924761295
  ]
}