{
  "target_class": 5,
  "direction": "remove",
  "target_conf_before": 0.4475550353527069,
  "target_conf_after": 0.14199282228946686,
  "flipped": true,
  "l1": 0.07518858462572098,
  "all_probs_before": [
    0.002424487378448248,
    0.545569658279419,
    0.0710630789399147,
    0.08426483720541,
    0.0009544688509777188,
    0.4475550353527069,
    0.052897583693265915,
    0.0022439586464315653,
    0.925870418548584,
    0.040719594806432724,
    0.002691828180104494,
    0.52529376745224,
    0.9991482496261597,
    0.020595364272594452,
    0.8449762463569641,
    0.029883934184908867,
    0.005258896388113499,
    0.002433761255815625,
    0.0017163236625492573,
    0.011441010050475597
  ],
  "all_probs_after": [
    0.0017895569326356053,
    0.5243092775344849,
    0.028061026707291603,
    0.06818200647830963,
    0.0007163695991039276,
    0.14199282228946686,
    0.008252694271504879,
    0.0011447797296568751,
    0.9510207772254944,
    0.060534294694662094,
    0.003629635088145733,
    0.4243895709514618,
    0.9994753003120422,
    0.006696792319417,
    0.5990260243415833,
    0.005886898376047611,
    0.00028697168454527855,
    0.006917503662407398,
    0.0012507197679951787,
    0.009617924690246582
  ]
}