{
  "target_class": 5,
  "direction": "remove",
  "target_conf_before": 0.9997676014900208,
  "target_conf_after": 0.6754810214042664,
  "flipped": false,
  "l1": 0.11522142589092255,
  "all_probs_before": [
    0.0030832334887236357,
    0.0712336078286171,
    0.12195299565792084,
    0.00029015724430792034,
    0.00023065751884132624,
    0.9997676014900208,
    0.9995667338371277,
    0.004271015990525484,
    0.9102354645729065,
    0.005194387398660183,
    0.07484395056962967,
    4.125372288399376e-05,
    0.0004144820268265903,
    0.0054345279932022095,
    0.04642742499709129,
    0.09687474370002747,
    0.4139411151409149,
    0.011619201861321926,
    0.005727788433432579,
    0.9999967813491821
  ],
  "all_probs_after": [
    0.34326398372650146,
    0.046337246894836426,
    0.00309442775323987,
    0.007656130939722061,
    0.08239723742008209,
    0.6754810214042664,
    0.9858798384666443,
    0.7075490355491638,
    0.23241153359413147,
    0.5149782299995422,
    0.4016427993774414,
    0.0004648309841286391,
    0.004665921907871962,
    0.3713415861129761,
    0.01792028173804283,
    0.032698508352041245,
    0.755689799785614,
    0.054811734706163406,
    0.9053575992584229,
    0.9963233470916748
  ]
}