{
  "target_class": 5,
  "direction": "remove",
  "target_conf_before": 0.9947170615196228,
  "target_conf_after": 0.6983252167701721,
  "flipped": false,
  "l1": 0.11052112281322479,
  "all_probs_before": [
    0.0007601361721754074,
    0.0009960945462808013,
    0.011396382935345173,
    3.60991143679712e-05,
    3.3296335459453985e-05,
    0.9947170615196228,
    0.9994781613349915,
    0.025861700996756554,
    0.07227081060409546,
    9.591765410732478e-05,
    0.0016615987988188863,
    2.4813746222207556e-06,
    2.3607306502526626e-05,
    0.008412014693021774,
    0.5290566682815552,
    0.015140878967940807,
    0.25336527824401855,
    0.00039772180025465786,
    0.002210665727034211,
    0.9983012080192566
  ],
  "all_probs_after": [
    0.01324811764061451,
    0.100188247859478,
    0.004160586278885603,
    0.0023879362270236015,
    0.03494132682681084,
    0.6983252167701721,
    0.764133870601654,
    0.1285129338502884,
    0.020338185131549835,
    0.00878151599317789,
    0.0299103744328022,
    0.00024249371199402958,
    0.00019075021555181593,
    0.7613487839698792,
    0.4708009958267212,
    0.8636409640312195,
    0.9835410714149475,
    0.012483902275562286,
    0.07504734396934509,
    0.9997325539588928
  ]
}