{
  "target_class": 5,
  "direction": "remove",
  "target_conf_before": 0.9999462366104126,
  "target_conf_after": 0.5940559506416321,
  "flipped": false,
  "l1": 0.10191354155540466,
  "all_probs_before": [
    0.0011455881176516414,
    0.0015997893642634153,
    0.3290719985961914,
    0.0023199464194476604,
    6.560212204931304e-05,
    0.9999462366104126,
    0.9983003735542297,
    0.004121372476220131,
    0.9942771792411804,
    0.0025525991804897785,
    0.011822491884231567,
    0.0013483950169757009,
    0.0035359112080186605,
    0.0018883878365159035,
    0.1344699114561081,
    0.002259405329823494,
    0.008354407735168934,
    0.0015311430906876922,
    0.0005906400620006025,
    0.972809910774231
  ],
  "all_probs_after": [
    0.04161049425601959,
    0.007801583502441645,
    0.37481623888015747,
    0.09097626060247421,
    0.0013905903324484825,
    0.5940559506416321,
    0.823453962802887,
    0.00518405856564641,
    0.9248315691947937,
    0.07614915817975998,
    0.004472524393349886,
    0.11116678267717361,
    0.022936081513762474,
    0.389573335647583,
    0.5967854857444763,
    0.039473000913858414,
    0.14734309911727905,
    0.10156429558992386,
    0.018619585782289505,
    0.6459264755249023
  ]
}