{
  "target_class": 5,
  "direction": "remove",
  "target_conf_before": 0.524482786655426,
  "target_conf_after": 0.2362825721502304,
  "flipped": true,
  "l1": 0.11722302436828613,
  "all_probs_before": [
    0.008421992883086205,
    0.020276952534914017,
    0.00575158279389143,
    0.0029698519501835108,
    0.0003972928097937256,
    0.524482786655426,
    0.9848789572715759,
    0.03599702939391136,
    0.19411876797676086,
    0.0024126882199198008,
    0.04887198656797409,
    0.0011271325638517737,
    0.0008022518013603985,
    0.004968763794749975,
    0.052980661392211914,
    0.004788949619978666,
    0.10884217172861099,
    0.025811338797211647,
    0.025002872571349144,
    0.8273647427558899
  ],
  "all_probs_after": [
    0.01814301684498787,
    0.009127615951001644,
    0.10343348979949951,
    0.00951615534722805,
    0.022805234417319298,
    0.2362825721502304,
    0.987448513507843,
    0.27523520588874817,
    0.6855193972587585,
    0.07609114795923233,
    0.03160853683948517,
    0.0263363029807806,
    0.0015764671843498945,
    0.013532689772546291,
    0.16286598145961761,
    0.019145747646689415,
    0.058413535356521606,
    0.018503714352846146,
    0.1675422191619873,
    0.3940249979496002
  ]
}