{
  "target_class": 5,
  "direction": "remove",
  "target_conf_before": 0.9940832257270813,
  "target_conf_after": 0.20575232803821564,
  "flipped": true,
  "l1": 0.10946571826934814,
  "all_probs_before": [
    0.0028789036441594362,
    0.020574402064085007,
    0.04127645120024681,
    0.010958998464047909,
    9.584278450347483e-05,
    0.9940832257270813,
    0.9928197264671326,
    0.009951296262443066,
    0.7839727997779846,
    0.0021324411500245333,
    0.002623415319249034,
    0.004089869558811188,
    0.002417700830847025,
    0.012899564579129219,
    0.20484507083892822,
    0.004299314226955175,
    0.02000272646546364,
    0.002126164734363556,
    0.006520011927932501,
    0.8885967135429382
  ],
  "all_probs_after": [
    0.01598593033850193,
    0.007368168793618679,
    0.0196656733751297,
    0.00859072245657444,
    0.0010723026935011148,
    0.20575232803821564,
    0.8065418601036072,
    0.13566692173480988,
    0.1741352081298828,
    0.004212634637951851,
    0.051973819732666016,
    0.022121962159872055,
    0.0024487096816301346,
    0.006087083835154772,
    0.43703293800354004,
    0.0022757775150239468,
    0.035421375185251236,
    0.018411429598927498,
    0.09767214208841324,
    0.17468729615211487
  ]
}