{
  "target_class": 13,
  "direction": "remove",
  "target_conf_before": 0.032644134014844894,
  "target_conf_after": 0.04145916551351547,
  "flipped": true,
  "l1": 0.10589716583490372,
  "all_probs_before": [
    0.050695862621068954,
    0.029596708714962006,
    0.02369438298046589,
    0.01585153490304947,
    0.012546350248157978,
    0.20806710422039032,
    0.34728357195854187,
    0.04709029570221901,
    0.15653973817825317,
    0.02154463157057762,
    0.1434464007616043,
    0.05567224696278572,
    0.1642960160970688,
    0.032644134014844894,
    0.943015456199646,
    0.00736559834331274,
    0.07133060693740845,
    0.08287363499403,
    0.07879375666379929,
    0.041775405406951904
  ],
  "all_probs_after": [
    0.03185860440135002,
    0.010344160720705986,
    0.02467535436153412,
    0.016387423500418663,
    0.005549467168748379,
    0.42094457149505615,
    0.849288821220398,
    0.03662658855319023,
    0.2294982671737671,
    0.030435902997851372,
    0.028945734724402428,
    0.05747951939702034,
    0.016523092985153198,
    0.04145916551351547,
    0.6883836388587952,
    0.007994606159627438,
    0.04131579026579857,
    0.022078560665249825,
    0.13062690198421478,
    0.28702402114868164
  ]
}