{
  "target_class": 13,
  "direction": "remove",
  "target_conf_before": 0.40121376514434814,
  "target_conf_after": 0.011263635940849781,
  "flipped": true,
  "l1": 0.1062973141670227,
  "all_probs_before": [
    0.0030114897526800632,
    0.1303004026412964,
    0.09405828267335892,
    0.0014726269291713834,
    0.04916360229253769,
    0.9716121554374695,
    0.7439101934432983,
    0.010693419724702835,
    0.14709407091140747,
    0.004212924744933844,
    0.1297023445367813,
    0.00040932721458375454,
    0.6289160847663879,
    0.40121376514434814,
    0.9562811255455017,
    0.2798399329185486,
    0.05497078225016594,
    0.028759295120835304,
    0.008915718644857407,
    0.0048422194086015224
  ],
  "all_probs_after": [
    8.564333984395489e-05,
    0.02461952343583107,
    0.19468258321285248,
    5.449383024824783e-05,
    0.002342561725527048,
    0.9986227750778198,
    0.9702470898628235,
    0.006795291323214769,
    0.38264504075050354,
    0.0016762632876634598,
    0.04423059523105621,
    7.84745134296827e-06,
    0.4090028703212738,
    0.011263635940849781,
    0.9862117767333984,
    0.014487156644463539,
    0.009714869782328606,
    0.01433953084051609,
    0.0005457604420371354,
    0.000698561139870435
  ]
}