{
  "target_class": 13,
  "direction": "remove",
  "target_conf_before": 0.2739395797252655,
  "target_conf_after": 0.009472881443798542,
  "flipped": true,
  "l1": 0.07565286755561829,
  "all_probs_before": [
    0.010617045685648918,
    0.6410835981369019,
    0.024803433567285538,
    0.2062370479106903,
    0.008846831507980824,
    0.6506626009941101,
    0.09863507002592087,
    0.01763412542641163,
    0.4012697637081146,
    0.05835546925663948,
    0.0028920138720422983,
    0.7414586544036865,
    0.9994926452636719,
    0.2739395797252655,
    0.8592277765274048,
    0.10201037675142288,
    0.03369668126106262,
    0.0009245516266673803,
    0.002911463612690568,
    0.005435559432953596
  ],
  "all_probs_after": [
    0.0014439839869737625,
    0.13516274094581604,
    0.00902560818940401,
    0.10082965344190598,
    0.0025668665766716003,
    0.4247548282146454,
    0.04964660108089447,
    0.006040329113602638,
    0.7683788537979126,
    0.08826817572116852,
    0.0029264772310853004,
    0.7154232859611511,
    0.9990634322166443,
    0.009472881443798542,
    0.6230553388595581,
    0.00786563940346241,
    0.001078778295777738,
    0.0010305459145456553,
    0.002287031849846244,
    0.013519354164600372
  ]
}