{
  "target_class": 13,
  "direction": "remove",
  "target_conf_before": 0.46387773752212524,
  "target_conf_after": 0.04735087603330612,
  "flipped": true,
  "l1": 0.10731811821460724,
  "all_probs_before": [
    0.06764674186706543,
    0.014177436009049416,
    0.009677904658019543,
    0.0010975688928738236,
    0.005726659204810858,
    0.9890154004096985,
    0.9916791319847107,
    0.14213140308856964,
    0.03832421451807022,
    0.010920473374426365,
    0.10788636654615402,
    3.997671228717081e-05,
    3.99123782699462e-05,
    0.46387773752212524,
    0.3076736330986023,
    0.3608168065547943,
    0.666650116443634,
    0.027715548872947693,
    0.11852666735649109,
    0.9999948740005493
  ],
  "all_probs_after": [
    0.02005738392472267,
    0.02386208064854145,
    0.02118166722357273,
    0.002075421856716275,
    0.00682165427133441,
    0.9421529769897461,
    0.9015881419181824,
    0.09796100109815598,
    0.016101937741041183,
    0.004356694407761097,
    0.054177772253751755,
    0.00018730154260993004,
    7.909473788458854e-05,
    0.04735087603330612,
    0.7522009611129761,
    0.36137259006500244,
    0.2763429284095764,
    0.024241745471954346,
    0.02795989066362381,
    0.9996374845504761
  ]
}