{
  "target_class": 13,
  "direction": "remove",
  "target_conf_before": 0.5132607221603394,
  "target_conf_after": 0.1812240332365036,
  "flipped": true,
  "l1": 0.11399835348129272,
  "all_probs_before": [
    0.23897136747837067,
    0.015876317396759987,
    0.003793893614783883,
    0.08455848693847656,
    0.2367975413799286,
    0.9860852956771851,
    0.9681563377380371,
    0.8742127418518066,
    0.14507749676704407,
    0.20454378426074982,
    0.16936016082763672,
    0.0031072725541889668,
    0.013416653499007225,
    0.5132607221603394,
    0.10632207989692688,
    0.24800704419612885,
    0.9266557693481445,
    0.015340947546064854,
    0.8863843083381653,
    0.9998506307601929
  ],
  "all_probs_after": [
    0.23268058896064758,
    0.012273859232664108,
    0.0009318388183601201,
    0.003650219179689884,
    0.015019536949694157,
    0.9887692928314209,
    0.9960210919380188,
    0.2744053304195404,
    0.04115794971585274,
    0.08186649531126022,
    0.14765997231006622,
    0.0017267096554860473,
    0.0023280037567019463,
    0.1812240332365036,
    0.16270574927330017,
    0.02809416875243187,
    0.9519291520118713,
    0.019595155492424965,
    0.8741653561592102,
    0.9998443126678467
  ]
}