{
  "target_class": 13,
  "direction": "remove",
  "target_conf_before": 0.010564466007053852,
  "target_conf_after": 0.001562519813887775,
  "flipped": true,
  "l1": 0.10047779232263565,
  "all_probs_before": [
    0.0034238381776958704,
    0.0010995760094374418,
    0.037412188947200775,
    0.015479801222682,
    0.000803627073764801,
    0.9297170042991638,
    0.2769973874092102,
    0.008594975806772709,
    0.39195147156715393,
    0.06477678567171097,
    0.007680964190512896,
    0.12163954973220825,
    0.06583594530820847,
    0.010564466007053852,
    0.9360149502754211,
    0.010463372804224491,
    0.004877324216067791,
    0.0051128757186234,
    0.002411455847322941,
    0.8088220357894897
  ],
  "all_probs_after": [
    0.0032081506215035915,
    0.004800182767212391,
    0.11683886498212814,
    0.031052937731146812,
    0.00014565035235136747,
    0.9990924596786499,
    0.7131326198577881,
    0.0021497614216059446,
    0.8836979269981384,
    0.022089745849370956,
    0.015982795506715775,
    0.015938766300678253,
    0.06278171390295029,
    0.001562519813887775,
    0.7794629335403442,
    0.005809459835290909,
    0.0044262404553592205,
    0.022283287718892097,
    0.0006190236308611929,
    0.992111325263977
  ]
}