{
  "target_class": 13,
  "direction": "remove",
  "target_conf_before": 0.7788099050521851,
  "target_conf_after": 0.12118138372898102,
  "flipped": true,
  "l1": 0.11077993363142014,
  "all_probs_before": [
    0.8085516095161438,
    0.05922384932637215,
    0.03648892045021057,
    0.8905525803565979,
    0.4280746877193451,
    0.031131096184253693,
    0.03272325173020363,
    0.14092734456062317,
    0.11915668845176697,
    0.013228359632194042,
    0.030005769804120064,
    0.7596690058708191,
    0.7470759749412537,
    0.7788099050521851,
    0.019351419061422348,
    0.15599150955677032,
    0.1873181164264679,
    0.044370271265506744,
    0.9915041327476501,
    0.5648589730262756
  ],
  "all_probs_after": [
    0.5391098856925964,
    0.2331550419330597,
    0.04859590902924538,
    0.6606200337409973,
    0.20042632520198822,
    0.08583851903676987,
    0.013637888245284557,
    0.19620615243911743,
    0.7210222482681274,
    0.016663961112499237,
    0.4351143538951874,
    0.3703364431858063,
    0.1642678827047348,
    0.12118138372898102,
    0.0022945012897253036,
    0.10682926326990128,
    0.1140030100941658,
    0.15403227508068085,
    0.9687836170196533,
    0.9926067590713501
  ]
}