{
  "target_class": 13,
  "direction": "remove",
  "target_conf_before": 0.008379466831684113,
  "target_conf_after": 0.08156349509954453,
  "flipped": true,
  "l1": 0.12015780061483383,
  "all_probs_before": [
    0.04256279394030571,
    0.03921521455049515,
    0.002530100056901574,
    0.009704085066914558,
    0.005087578669190407,
    0.21933329105377197,
    0.940005898475647,
    0.008346348069608212,
    0.09113047271966934,
    0.3654147684574127,
    0.36300572752952576,
    0.03518538922071457,
    0.0418725311756134,
    0.008379466831684113,
    0.26092931628227234,
    0.0029528180602937937,
    0.09705878049135208,
    0.032815203070640564,
    0.08733586966991425,
    0.2013082057237625
  ],
  "all_probs_after": [
    0.07418496906757355,
    0.1596950888633728,
    0.06268039345741272,
    0.09634042531251907,
    0.02896682545542717,
    0.3244410753250122,
    0.8622416853904724,
    0.0697413757443428,
    0.7726275324821472,
    0.04348433017730713,
    0.12578611075878143,
    0.030249815434217453,
    0.013146674260497093,
    0.08156349509954453,
    0.17728281021118164,
    0.10638517141342163,
    0.4238646924495697,
    0.15363281965255737,
    0.331438273191452,
    0.7574150562286377
  ]
}